AAY-5127.jpg,41,22,42,18
ABY-9198.jpg,35,17,29,28
AHH-0999.jpg,32,21,33,59
ALE-4378 (2).jpg,36,28,21,39
ALE-4378.JPG,64,58,12,17
ALE-8602.jpg,37,33,12,63
APM-7659.jpg,32,29,39,51
APT-9616.JPG,66,66,18,9
AQU-6945 (2).jpg,75,66,9,10
AQU-6945.jpg,87,76,8,5
AQW-5505.jpg,32,42,35,38
ATE-4195.jpg,26,33,36,42
AWF-1835.jpg,27,21,36,53
AXN-8888.jpg,27,32,37,43
AXX-1773 (2).jpg,88,68,4,11
AXX-1773.jpg,64,55,15,15
AYA-8892.JPG,46,53,27,26
AZI-2702.jpg,87,68,7,10
AZI-2788.jpg,23,37,39,7
AZJ-4246.jpg,70,58,16,21
AZX-0232.JPG,60,71,22,16
BAG-7751 (2).jpg,44,20,35,58
BAG-7751 (3).jpg,66,27,17,50
BAG-7751 (4).jpg,69,50,17,20
BAG-7751.jpg,34,17,44,68
BAJ-4441 (2).jpg,45,17,41,50
BAJ-4441.jpg,54,26,27,61
BBW-9500.jpg,38,41,21,49
CHS-9564.jpg,34,27,43,36
CLJ-7888 (2).JPG,22,28,43,47
CLJ-7888.JPG,50,49,31,36
CSE-9780.jpg,35,17,31,32
CTB-1569.jpg,37,16,41,35
CVL-4610.jpg,31,19,48,70
CYO-5646.jpg,61,43,23,11
CYU-8900.jpg,30,23,42,63
DET-0157.jpg,33,36,34,31
DHR-0445.jpg,25,16,37,68
DRF-9665.jpg,67,72,16,16
DSQ-6618 (2).jpg,48,21,31,66
DSQ-6618 (3).jpg,35,20,53,70
DSQ-6618.jpg,33,16,22,53
DSS-5210.jpg,80,75,9,12
DUR-7778.jpg,36,17,41,37
EAI-6852.jpg,84,77,7,3
EBV-6248.jpg,41,24,27,70
EBX-5983.jpg,36,24,37,61
EDD-5690.jpg,83,72,6,8
EEH-8868.jpg,30,28,35,63
OHF-5245 (2).jpg,49,41,27,26
OHF-5245 (3).jpg,48,37,25,34
OHF-5245 (4).jpg,54,42,28,29
OHF-5245.jpg,44,24,28,41
OIP-4357 (2).jpg,72,30,17,57
OIP-4357.jpg,34,20,40,59
OJB-6914.JPG,76,59,14,17
OKB-9125 (2).jpg,34,19,27,18
OKB-9125.jpg,34,19,27,18
OKH-3718.jpg,30,63,41,37
OKK-7516 (2).jpg,100,100,0,0
OKK-7516.jpg,100,100,0,0
OKU-7083 (2).jpg,50,36,19,40
OKU-7083 (3).jpg,50,36,19,40
OKU-7083.jpg,50,36,19,40
OKZ-0270.jpg,100,100,0,0
OLT-5168.JPG,56,62,23,16
OLW-4577.JPG,48,59,25,23
OMF-5160.jpg,43,41,19,35
OPG-0009.jpg,100,100,0,0
OQK-5526.jpg,46,21,31,45
OQP-3687.jpg,100,100,0,0
OUF-5531.jpg,100,100,0,0
OUH-3005.jpg,100,100,0,0
OUK-0118.jpg,100,100,0,0
OUR-3360.jpg,100,100,0,0
OUT-7535.jpg,98,100,1,0
OUV-7350.jpg,29,38,40,35
OUX-4256.jpg,96,95,2,4
OUY-9379.jpg,99,97,1,3
OVT-4432.jpg,66,66,14,6
OWD-7588.jpg,39,52,24,25
OWN-2249 (2).jpg,83,36,8,38
OWN-2249.jpg,40,18,40,80
OWO-7837 (2).jpg,30,12,42,60
OWO-7837 (3).jpg,37,16,37,52
OWO-7837 (4).jpg,26,16,42,55
OWO-7837.jpg,20,16,43,44
OWS-8577.jpg,84,67,6,13
OXI-8882 (2).jpg,33,14,37,48
OXI-8882 (3).jpg,28,13,33,46
OXI-8882 (4).jpg,29,11,37,52
OXI-8882 (5).jpg,26,16,37,57
OXI-8882 (6).jpg,33,14,39,64
